Name,Twitter_Handles,polarization
7NEWS ,@7News,moderate
71 Republic ,@71RepublicMedia,moderate
9 News ,@9NEWS,moderate
American Action Forum ,@AAF,moderate
Asharq Al-Awsat,@aawsat_eng,moderate
Albuquerque Journal ,@ABQJournal,moderate
American Council on Science and Health ,@ACSHorg,moderate
Ahram Online ,@ahramonline,moderate
American Institute for Economic Research ,@aier,moderate
Al.com ,@aldotcom,moderate
Aleteia,@AleteiaEN,moderate
The Algemeiner Journal ,@Algemeiner,moderate
The American Conservative ,@amconmag,moderate
American Affairs Journal ,@AmericanAffrs,moderate
Americas Quarterly ,@AmerQuarterly,moderate
The American Interest ,@aminterest,moderate
Angus Reid Institute,@angusreidorg,moderate
Asian News International ,@ANI,moderate
Anti-War ,@Antiwarcom,moderate
Arab News ,@arabnews,moderate
Argus Leader,@argusleader,moderate
Arkansas Democrat-Gazette ,@ArkansasOnline,moderate
Arutz Sheva ,@ArutzSheva_En,moderate
Atlantic Council ,@AtlanticCouncil,moderate
The Augusta Chronicle ,@AUG_Chronicle,moderate
The Australian ,@australian,moderate
Barron‚Äôs,@barronsonline,moderate
Being Libertarian ,@beinlibertarian,moderate
Berlingske ,@berlingske,moderate
Billings Gazette ,@billingsgazette,moderate
Boston Herald ,@bostonherald,moderate
Bipartisan Policy Center ,@BPC_Bipartisan,moderate
Breaking Defense ,@BreakingDefense,moderate
The Brunswick News ,@Brunswick_News,moderate
B.T. Denmark ,@BT,moderate
The Bulwark ,@BulwarkOnline,moderate
Hindu Business Line ,@businessline,moderate
BusinessLIVE ,@BusinessLiveSA,moderate
Campaign for Liberty ,@C4Liberty,moderate
Calgary Herald ,@calgaryherald,moderate
California Globe ,@CaliforniaGlobe,moderate
Capitalism Magazine ,@CapitalismMag,moderate
California Political Review ,@CAPoliticalRev,moderate
Cato Institute ,@CatoInstitute,moderate
WPEC ‚Äì CBS12.com ,@CBS12,moderate
CCN Markets ,@CCNMarkets,moderate
Center for the National Interest ,@CFTNI,moderate
Check Your Fact ,@Check_Your_Fact,moderate
Chicago Tribune ,@chicagotribune,moderate
The Chronicle Herald ,@chronicleherald,moderate
The Citizen,@CitizenMi,moderate
Topeka Capital-Journal ,@CJOnline,moderate
The Courier Mail ,@couriermail,moderate
Colorado Springs Gazette ,@csgazette,moderate
Christianity Today ,@CTmagazine,moderate
Daily Press ,@Daily_Press,moderate
DailyO ,@DailyO_,moderate
Dallas Morning News ,@dallasnews,moderate
Deccan Chronicle ,@DeccanChronicle,moderate
Deseret News ,@DeseretNews,moderate
Detroit News ,@detroitnews,moderate
Daily Herald ,@dhpreps,moderate
In Homeland Security ,@DHSgov,moderate
Columbus Dispatch ,@DispatchAlerts,moderate
Downsizing the Federal Government ,@DownsizeTheFeds,moderate
The Durango Herald ,@DurangoHerald,moderate
Edmonton Journal ,@edmontonjournal,moderate
Edmonton Sun ,@Edmontonsun,moderate
The Elkhart Truth,@ElkhartTruth,moderate
Cinncinati Equirer ,@Enquirer,moderate
Ethics and Public Policy Center ,@EPPCdc,moderate
London Evening Standard ,@EveningStandard,moderate
Expressen ,@Expressen,moderate
Fort Bend Herald,@fbherald,moderate
Foundation for Economic Education ,@feeonline,moderate
Financial Post ,@financialpost,moderate
Firearms News,@FirearmsNewsMag,moderate
FitsNews ,@fitsnews,moderate
Forbes ,@Forbes,moderate
Foreign Policy Initiative ,@ForeignPolicyI,moderate
Fortune Magazine ,@FortuneMagazine,moderate
Fox Business ,@FoxBusiness,moderate
Foreign Policy Research Institute ,@FPRI,moderate
Fraser Institute ,@FraserInstitute,moderate
Freedom Alliance ,@FreedomAlliance,moderate
Freedom House ,@freedomhouse,moderate
The Gazette ,@gazettedotcom,moderate
The Globe and Mail ,@globeandmail,moderate
G√∂teborgs-Posten ,@GoteborgsPosten,moderate
Greeley Tribune,@GreeleyTribune,moderate
Grand Rapids Press ,@GRPress,moderate
Gulf News ,@gulf_news,moderate
Guns.com ,@Guns_com,moderate
American Firearms Institute ,@GunsReporting,moderate
Heterodox Academy ,@HdxAcademy,moderate
Honest Reporting ,@HonestReporting,moderate
Hoover Institution ,@HooverInst,moderate
High Point Enterprise ,@HPEnterprise,moderate
Human Progress ,@HumanProgress,moderate
Irish Independent ,@Independent_ie,moderate
Inforum ,@inforum,moderate
InsideSources ,@InsideSourcesDC,moderate
Israel Hayom ,@IsraelHayomEng,moderate
The Sorrentino ,@ItsTheSituation,moderate
ITV News ,@itvnews,moderate
The Jack News ,@jack,moderate
The Jamestown Foundation,@JamestownTweets,moderate
Japan Today ,@JapanToday,moderate
Florida Times Union ,@jaxdotcom,moderate
Jewish Breaking News ,@JBN,moderate
Jerusalem Post ,@Jerusalem_Post,moderate
Jewish Journal ,@JewishJournal,moderate
The Jewish Press ,@JewishPress,moderate
Jewish News Syndicate ,@JNS_org,moderate
Just Facts Daily ,@JTF_News,moderate
KUTV Salt Lake City ,@KUTV2News,moderate
Los Angeles Daily News ,@ladailynews,moderate
London Broadcasting Company ,@LBC,moderate
Regina Leader-Post ,@leaderpost,moderate
Learn Liberty ,@LearnLiberty,moderate
The Ledger ,@Ledger,moderate
Leicester Mercury ,@leicslive,moderate
Lexington Institute ,@LexNextDC,moderate
London Free Press ,@LFPress,moderate
Libertarianism.org ,@libertarianism,moderate
ListVerse ,@listverse,moderate
Laredo Morning Times ,@lmtnews,moderate
FDD‚Äôs Long War Journal ,@LongWarJournal,moderate
Lubbock Avalanche Journal,@lubbockonline,moderate
Mackinac Center for Public Policy ,@MackinacCenter,moderate
Maclean‚Äôs Magazine ,@macleans,moderate
Marginal Revolution ,@MargRev,moderate
MarketWatch ,@MarketWatch,moderate
Mercatus ,@mercatus,moderate
Lynx Media ,@minnesotalynx,moderate
Montreal Gazette ,@mtlgazette,moderate
Desert Sun ,@MyDesert,moderate
MyNorthwest ,@Mynorthwest,moderate
Netherlands Radio and Television Association ,@nabtweets,moderate
Nikkei Asian Review,@NAR,moderate
National Affairs ,@NationalAffairs,moderate
National Post ,@nationalpost,moderate
News-Gazette ,@news_gazette,moderate
News.com.au ,@newscomauHQ,moderate
Willoughby News-Herald ,@newsheraldinoh,moderate
New York Post ,@nypost,moderate
New York Observer ,@observer,moderate
Odessa American,@OdessaAmerican,moderate
Open Doors ,@OpenDoors,moderate
Oregonian ,@Oregonian,moderate
Ottawa Citizen ,@OttawaCitizen,moderate
Ottawa Sun ,@ottawasuncom,moderate
Student Daily News ,@OUDaily,moderate
Omaha World Herald,@OWHnews,moderate
Pacific Research Institute ,@PacificResearch,moderate
Post-Bulletin,@PB_News,moderate
Peninsula Daily News ,@PenDailyNews,moderate
Pittsburgh Post-Gazette ,@PittsburghPG,moderate
The Press-Enterprise ,@pressenterprise,moderate
Franklin Center for Government and Public Integrity ,@publicintegrity,moderate
Rasmussen Reports ,@Rasmussen_Poll,moderate
Real Clear Defense ,@RCDefense,moderate
Real Clear Investigations ,@RCInvestigates,moderate
Real Clear Politics ,@RealClearNews,moderate
Real Clear Policy ,@realclearpolicy,moderate
Just Facts ,@realjustfacts,moderate
Reason ,@reason,moderate
Regulation Magazine,@RegGov_journal,moderate
Remington Research Group ,@RemingtonPolls,moderate
Waterbury Republican-American ,@rep_am,moderate
Republic World ,@republic,moderate
Las Vegas Review Journal ,@reviewjournal,moderate
Red River Valley News ,@rrvdsa,moderate
R Street Institute ,@RSI,moderate
Richmond Times-Dispatch,@RTDNEWS,moderate
Statesman Journal ,@Salem_Statesman,moderate
Salem Radio Network News ,@SalemMediaGrp,moderate
Savannah Morning News ,@SavannahNow,moderate
San Bernadino Sun ,@sbsun,moderate
SOFREP ,@sofrepofficial,moderate
The Spectator ,@spectator,moderate
The Spectator ,@spectator,moderate
The Spokesman-Review ,@SpokesmanReview,moderate
Fort Worth Star-Telegram ,@startelegram,moderate
The Straits Times ,@STcom,moderate
Times of South Africa ,@SundayTimesZA,moderate
Tax Foundation ,@TaxFoundation,moderate
Canadian Taxpayers Federation ,@taxpayerDOTcom,moderate
Tampa Tribune ,@TB_Times,moderate
Tallahasee Democrat ,@TDOnline,moderate
The Tennessean ,@Tennessean,moderate
Tharawat Magazine ,@Tharawatmag,moderate
The Japan News ,@The_Japan_News,moderate
The Nation Pakistan ,@The_Nation,moderate
Advocates for Self-Government ,@TheAdvocates,moderate
Buenos Aires Times,@theBAtimes,moderate
Breakthrough Institute ,@TheBTI,moderate
Canadian Jewish News ,@TheCJN,moderate
The Daily Citizen ,@thedailycitizen,moderate
Columbia Daily Herald ,@thedailyherald,moderate
The Dispatch ,@thedispatch,moderate
The EC Journal ,@TheECJournal,moderate
The Fiscal Times ,@TheFiscalTimes,moderate
Fortnightly Review ,@TheFortnightly,moderate
Herald Sun ,@theheraldsun,moderate
Institute for Humane Studies ,@TheIHS,moderate
The Independent Review ,@TheIJR,moderate
News Rescue ,@theIRC,moderate
The Sumter Item ,@theitem,moderate
Korean Herald ,@TheKoreaHerald,moderate
The Libertarian Republic ,@TheLibRepublic,moderate
Manila Times ,@TheManilaTimes,moderate
The National ,@TheNational,moderate
National Interest ,@TheNatlInterest,moderate
The News Lens ,@thenewslensintl,moderate
The Objective Standard ,@TheObjStd,moderate
The Oklahoman ,@TheOklahoman_,moderate
The Post-Journal ,@ThePost_Journal,moderate
The Quint ,@TheQuint,moderate
Saskatoon StarPhoenix ,@TheStarPhoenix,moderate
TheStreet ,@TheStreet,moderate
The Times UK and Sunday Times ,@thesundaytimes,moderate
Windsor Star ,@TheWindsorStar,moderate
Times News ,@TIME,moderate
The Times Herald ,@TimesHeraldPA,moderate
India Times ,@timesofindia,moderate
The Times of India ,@timesofindia,moderate
The New Atlantis ,@tnajournal,moderate
Toledo Blade ,@toledonews,moderate
Faith Family America ,@TomiLahren,moderate
Pittsburgh Tribune Review ,@TribLIVE,moderate
The Smoking Gun ,@tsgnews,moderate
Tulsa World,@tulsaworld,moderate
ValueWalk ,@valuewalk,moderate
Vancouver Sun ,@VancouverSun,moderate
de Volkskrant ,@volkskrant,moderate
The Washington Institute for Near East Policy ,@WashInstitute,moderate
Watchdog.org,@Watchdog9379,moderate
The West Australian ,@westaustralian,moderate
Wichita Eagle ,@wichitaeagle,moderate
The Winchester Star,@WinStarVa,moderate
Williamsport Sun-Gazette ,@WmsptSunGazette,moderate
Wall Street Journal ,@WSJ,moderate
Yankee Institute for Public Policy ,@YankeeInstitute,moderate
Emerging Europe ,@_EmergingEurope,moderate
972 Magazine,@972mag,moderate
ABC News ,@ABC,moderate
ABC11 Eyewitness News,@ABC11_WTVD,moderate
ABC News Australia ,@abcnews,moderate
ACLU ,@ACLU,moderate
Anti Defamation League ,@ADL,moderate
Aeon ,@aeonmag,moderate
African Arguments ,@africaarguments,moderate
Ahval News ,@ahval_en,moderate
Atlanta Journal-Constitution ,@ajc,moderate
Al Jazeera ,@AJEnglish,moderate
The Asahi Shimbun ,@AJWasahi,moderate
Alaska Dispatch News ,@alaskadispatch,moderate
Alberta Views ,@AlbertaViewsMag,moderate
Al-Hayat ,@AlHayaTv,moderate
Allied Progress ,@AlliedProgress,moderate
Al Monitor ,@AlMonitor,moderate
Al-Sura ,@AlSuraEnglish,moderate
America Magazine ,@americamag,moderate
Amnesty International ,@amnesty,moderate
AM New York ,@amNewYork,moderate
Anniston Star ,@AnnistonStar,moderate
Anthropocene Magazine ,@AnthropoceneMag,moderate
AOL ,@AOL,moderate
American Public Media ,@apmreports,moderate
APM Reports ,@apmreports,moderate
Ara News ,@arabnews,moderate
Areo Magazine,@AreoMagazine,moderate
Arkansas Times ,@ArkTimes,moderate
Arms Control Association ,@ArmsControlNow,moderate
The Asbury Park Press,@AsburyParkPress,moderate
Asian Correspondent ,@AsCorrespondent,moderate
Asheville Citizen-Times ,@asheville,moderate
Asia Sentinel,@asiasentinel,moderate
Atavist Magazine ,@atavist,moderate
Atlantic Media ,@AtlanticMedia,moderate
Atlanta Black Star ,@ATLBlackStar,moderate
Above the Law ,@atlblog,moderate
ATTN: ,@attn,moderate
Austin Daily Herald ,@austinherald,moderate
The Automatic Earth ,@AutomaticEarth,moderate
Axios ,@axios,moderate
Arizona Republic ,@azcentral,moderate
Arizona Daily Sun ,@azds,moderate
BackChannel ,@backchnnl,moderate
Balkan Insight ,@BalkanInsight,moderate
Baltimore Sun ,@baltimoresun,moderate
Bangor Daily News ,@bangordailynews,moderate
Baptist News Global ,@baptist_news,moderate
BBC News ,@BBCNews,moderate
Battle Creek Enquirer ,@bcenquirer,moderate
Akron Beacon Journal ,@beaconjournal,moderate
Beijing Review ,@BeijingReview,moderate
Berkeleyside ,@berkeleyside,moderate
Berkshire Eagle ,@BerkshireEagle,moderate
Bellingham Herald ,@BhamHerald,moderate
BillMoyers.com ,@BillMoyers,moderate
Bing News ,@bing,moderate
Birmingham Mail ,@birmingham_live,moderate
Brampton Guardian,@BmptGuardian,moderate
Boston.com,@BostonDotCom,moderate
Boston Globe ,@BostonGlobe,moderate
Boy Genius Report ,@boygeniusreport,moderate
Brennan Center for Justice ,@BrennanCenter,moderate
Brookings Institute ,@BrookingsInst,moderate
The Brownsville Herald,@BrownsvilleNews,moderate
Bluestem Prairie ,@bspinmn,moderate
The Budapest Beacon ,@BudapestBeacon,moderate
Business Insider ,@businessinsider,moderate
Bustle Magazine ,@bustle,moderate
Buzzfeed ,@BuzzFeed,moderate
Center for Advanced Defense studies ,@C4ADS,moderate
Corpus Christi Caller-Times,@callerdotcom,moderate
CalWatchdog.com ,@CalWatchdog,moderate
Canadaland ,@CANADALAND,moderate
Capital Gazette ,@capgaznews,moderate
Carnegie Endowment for International Peace ,@CarnegieEndow,moderate
Catch News ,@CatchNews,moderate
CBC News ,@CBC,moderate
CBS News ,@CBSNews,moderate
CCTV ,@CCTV,moderate
Center for Inquiry ,@center4inquiry,moderate
Center on Budget and Policy Priorities ,@CenterOnBudget,moderate
The Center for Economic Policy and Research ,@ceprdc,moderate
Center for Global Development ,@CGDev,moderate
China Global Television Network ,@CGTNOfficial,moderate
Channel 4 News,@Channel4News,moderate
News Channel 4,@Channel4News,moderate
Cheddar ,@cheddar,moderate
Chicago Reporter ,@ChicagoReporter,moderate
The Citizen ,@CitizenMi,moderate
CityLab ,@CityLab,moderate
City Pages ,@citypages,moderate
Honolulu Civil Beat ,@CivilBeat,moderate
Columbia Journalism Review ,@CJR,moderate
Clean Technica ,@cleantechnica,moderate
Caribbean Life News ,@CLifeNews,moderate
Center for a New American Security ,@CNASdc,moderate
CNBC ,@CNBC,moderate
Columbia Reports ,@colombiareports,moderate
The Colorado Sun ,@ColoradoSun,moderate
Common Cause ,@CommonCause,moderate
Commonweal Magazine ,@commonwealmag,moderate
CommonWealth fund ,@commonwealthfnd,moderate
Connecticut Post ,@connpost,moderate
Constitution Project ,@ConPro,moderate
Consortium News ,@Consortiumnews,moderate
Exposing the Truth ,@Corey_Feldman,moderate
The Council of Canadians ,@CouncilofCDNs,moderate
The Courier-Journal ,@courierjournal,moderate
Center for Popular Democracy ,@CPDAction,moderate
Carolina Public Press ,@CPublicPress,moderate
Credo Action ,@CREDOMobile,moderate
Citizens for Responsibility and Ethics in Washington ,@CREWcrew,moderate
International Crisis Group ,@CrisisGroup,moderate
CrossCut.com ,@Crosscut,moderate
Center for International Policy ,@CSIS,moderate
CT Mirror ,@CTMirror,moderate
Daily Hampshire Gazette,@DailyHampGaz,moderate
The Daily Hive ,@DailyHive,moderate
Daily Mirror ,@DailyMirror,moderate
The Daily Tarheel ,@dailytarheel,moderate
Democrat and Chronicle ,@DandC,moderate
Dawn ,@dawn_com,moderate
DCReport.org ,@DCReportMedia,moderate
Deadline Hollywood ,@DEADLINE,moderate
Debunking Denialism ,@debunkdenialism,moderate
Deccan Herald ,@DeccanHerald,moderate
Delaware Online ‚Äì The News Journal ,@delawareonline,moderate
Demos ,@Demos_Org,moderate
Denver Post ,@denverpost,moderate
Denver Westword,@DenverWestword,moderate
Digg ,@digg,moderate
Diply ,@Diply,moderate
DiversityInc ,@DiversityInc,moderate
Dutch Daily News ,@dutchdailynews,moderate
Dutch Review ,@DutchNewsNL,moderate
DW News ,@dwnews,moderate
Earth Institute ,@earthinstitute,moderate
EarthJustice ,@Earthjustice,moderate
East Bay Times ,@EastBayTimes,moderate
The European Council on Foreign Relations ,@ecfr,moderate
Econofact,@EconoFactOrg,moderate
Economic Policy Institute ,@EconomicPolicy,moderate
Economics.Help ,@economics,moderate
The Economic Times ,@EconomicTimes,moderate
Electronic Frontier Foundation ,@EFF,moderate
Egyptian Streets ,@EgyptianStreets,moderate
El Pais ,@elpaisinenglish,moderate
El Paso Times ,@elpasotimes,moderate
Empty Wheel ,@emptywheel,moderate
Engadget ,@engadget,moderate
EU Observer ,@euobs,moderate
EurActiv ,@EURACTIV,moderate
Euromaiden Press,@EuromaidanPress,moderate
Entertainment Weekly ,@EW,moderate
San Antonio Express ,@ExpressNews,moderate
Fairness and Accuracy in Reporting ,@FAIRmediawatch,moderate
FairVote ,@fairvote,moderate
Fast Company ,@FastCompany,moderate
Feminist Frequency ,@femfreq,moderate
Fight for the Future ,@fightfortheftr,moderate
FivethirtyEight ,@FiveThirtyEight,moderate
The Frontier ,@FlyFrontier,moderate
Central News Agency ,@Focus_Taiwan,moderate
Fort Worth Weekly ,@FortWorthWeekly,moderate
Foreign Policy in Focus ,@FPIF,moderate
France Info ,@franceinfo,moderate
Freakonomics ,@Freakonomics,moderate
Democracy 21,@FredWertheimer,moderate
Detroit Free Press ,@freep,moderate
Fresno Bee ,@FresnoBee,moderate
Fusion ,@Fusion,moderate
Gay Star News ,@gaystarnews,moderate
Glamour Magazine ,@glamourmag,moderate
Global Citizen ,@GlblCtzn,moderate
Global News ,@globalnews,moderate
Global Real News ,@globalnews,moderate
Global Post ,@GlobalPost,moderate
Global Times ,@globaltimesnews,moderate
Google News,@googlenews,moderate
Gothamist ,@Gothamist,moderate
Government Accountability Project ,@GovAcctProj,moderate
Governing Magazine ,@GOVERNING,moderate
Government Executive ,@GovExec,moderate
Greentech Media ,@greentechmedia,moderate
Grist ,@grist,moderate
The Guardian ,@guardian,moderate
Gun Violence Archive ,@GunDeaths,moderate
Alan Guttmacher Institute ,@Guttmacher,moderate
Harpers ,@Harpers,moderate
Hartford Courant ,@hartfordcourant,moderate
Harvard Political Review ,@HarvardPolitics,moderate
Hurriyet Daily News ,@HDNER,moderate
Health Magazine ,@health_magazine,moderate
HealthyWay ,@HealthywayPA,moderate
Helsinki Times ,@HelsinkiTimes,moderate
Lexington Herald Leader ,@heraldleader,moderate
The Herald ,@heraldscotland,moderate
High Country News ,@highcountrynews,moderate
Highline ,@highlinenyc,moderate
Houston Chronicle ,@HoustonChron,moderate
Human Rights Watch ,@hrw,moderate
Helsingin Sanomat ,@hsfi,moderate
Hindustan Times ,@htTweets,moderate
Humanium ,@Humanium_en,moderate
International Business Times ,@IBTimes,moderate
Ice News ,@ICEgov,moderate
International Center for Research on Women ,@ICRW,moderate
If America Knew ,@ifamericansknew,moderate
American Immigration Council ,@immcouncil,moderate
The Independent ,@Independent,moderate
Independent Australia ,@independentaus,moderate
InfoBae ,@infobae,moderate
Philippine Daily Inquirer ,@inquirerdotnet,moderate
InsideClimate News ,@insideclimate,moderate
Inside Edition ,@InsideEdition,moderate
Inside Higher Ed ,@insidehighered,moderate
Inside Philanthropy ,@InsidePhilanthr,moderate
Inverse ,@inversedotcom,moderate
Committee to Investigate Russia ,@InvestigateRU,moderate
Ipolitics ,@ipoliticsca,moderate
Journal Politics and Society ,@ips_journal,moderate
IRIN News ,@irinnews,moderate
The Irish Times ,@IrishTimes,moderate
The Irrawaddy ,@IrrawaddyNews,moderate
Institute on Taxation and Economic Policy ,@iteptweets,moderate
The Forward ,@jdforward,moderate
The Jerusalem Report,@Jerusalem_Post,moderate
Joint Center for Polititical and Economic Studies ,@JointCenter,moderate
The Journal News ,@journalnews,moderate
Milwaukee Journal-Sentinal ,@journalsentinel,moderate
Just Security ,@just_security,moderate
Jackson Free Press ,@JxnFreePress,moderate
Kurdistan 24,@K24English,moderate
Kansas City Star ,@KCStar,moderate
KMOV ,@KMOV,moderate
Knight Foundation ,@knightfdn,moderate
KOCO News 5,@koconews,moderate
The Korea Times ,@koreatimescokr,moderate
Kotaku ,@Kotaku,moderate
KUOW NPR ,@KUOW,moderate
Kyiv Post,@KyivPost,moderate
The Express-Times ,@KyleCraigSports,moderate
Laconia Daily Sun ,@laconiadailysun,moderate
Los Angeles Magazine ,@LAmag,moderate
La Stampa ,@LaStampa,moderate
Las Vegas Sun ,@LasVegasSun,moderate
LA Times ,@latimes,moderate
Lethbridge Herald ,@Leth_Herald,moderate
Liberal Mountain ,@LiberalMountain,moderate
Lifehacker ,@lifehacker,moderate
La Presse ,@LP_LaPresse,moderate
Malaysiakini,@malaysiakini,moderate
The City ,@ManCity,moderate
Maplight ,@MapLight,moderate
McClatchy DC ,@McClatchyDC,moderate
Maine Beacon ,@mebeacon,moderate
Medium ,@Medium,moderate
San Jose Mercury News ,@mercnews,moderate
Virginia Mercury ,@MercuryVirginia,moderate
Metro UK ,@MetroUK,moderate
Mexico Daily News ,@mexicond,moderate
Miami Herald ,@MiamiHerald,moderate
MIC ,@mic,moderate
Migration Policy Institute ,@MigrationPolicy,moderate
Bloomberg ,@MikeBloomberg,moderate
MinnPost ,@MinnPost,moderate
Mint Press News ,@MintPressNews,moderate
The Moderate Voice ,@ModerateVoice2x,moderate
Mongabay ,@mongabay,moderate
Washington Monthly ,@monthly,moderate
Monthly Review ,@monthly_review,moderate
Moscow Times ,@MoscowTimes,moderate
Mother Jones ,@MotherJones,moderate
Mother Nature Network ,@MotherNatureNet,moderate
Mothership,@MothershipSG,moderate
Minnesota Public Radio ,@MPR,moderate
MSN.com ,@MSN,moderate
Mountain Democrat ,@mtdemocratnews,moderate
Muncie Voice ,@muncievoice,moderate
History News Network ,@myHNN,moderate
Fact/Myth ,@Myth_vs_Fact,moderate
National Association for the Advancement of Colored People ,@NAACP,moderate
National Newswatch ,@natnewswatch,moderate
National Observer ,@NatObserver,moderate
Nature Conservancy ,@nature_org,moderate
NBC News ,@NBCNews,moderate
NBCNewYork.com ,@NBCNewYork,moderate
NC Policy Watch ,@NCPolicyWatch,moderate
Naples Daily News ,@ndn,moderate
NDTV ,@ndtv,moderate
New England Cable News ,@NECN,moderate
New Europe ,@New_Europe,moderate
New America Foundation ,@NewAmerica,moderate
New Left Review ,@NewLeftReview,moderate
New Matilda ,@newmatilda,moderate
News and Guts ,@NewsandGuts,moderate
Greensboro News and Record,@NewsandRecord,moderate
Newsday ,@Newsday,moderate
News Deeply ,@newsdeeply,moderate
Newser ,@Newser,moderate
PBS News Hour ,@NewsHour,moderate
The News-Times ,@NewsTimes,moderate
Newsy ,@Newsy,moderate
The New Tropic ,@newtropicmiami,moderate
New Haven Register ,@nhregister,moderate
The Nation Institute ,@NIOSH,moderate
Times-Picayune ,@NOLAnews,moderate
The Press Democrat ,@NorthBayNews,moderate
NPR ,@NPR,moderate
Natural Resource Governance Institute ,@NRGInstitute,moderate
New York Daily News ,@NYDailyNews,moderate
New York Times ,@nytimes,moderate
Times Headline ,@nytimes,moderate
Stuff ,@NZStuff,moderate
The Observer ,@observer,moderate
OCWeekly ,@OCWeekly,moderate
Metro ,@OfficialDMRC,moderate
Interpreter Magazine ,@OhioOOD,moderate
Oil and Water Don‚Äôt Mix ,@OilWaterDntMix,moderate
OneIndia ,@Oneindia,moderate
openDemocracy ,@openDemocracy,moderate
Opposing Views ,@OpposingViews,moderate
Orlando Sentinel ,@orlandosentinel,moderate
Outside The Beltway ,@OTBTweets,moderate
Our World In Data ,@OurWorldInData,moderate
Ozy Media ,@ozy,moderate
Pacific Standard Magazine ,@PacificStand,moderate
Patriotic Millionaires ,@PatrioticMills,moderate
The Palm Beach Post ,@pbpost,moderate
Philadelphia Inquirer ,@PhillyInquirer,moderate
Philadelphia Tribune,@PhillyTrib,moderate
Phoenix News Times ,@phoenixnewtimes,moderate
St. Paul Pioneer Press ,@PioneerPress,moderate
Polygon ,@Polygon,moderate
Population Connection ,@popconnect,moderate
Positive News ,@PositiveNewsUK,moderate
Portland Press-Herald ,@PressHerald,moderate
PRI,@PRI,moderate
Private Eye ,@PrivateEyeNews,moderate
Providence Journal ,@projo,moderate
Propublica ,@propublica,moderate
Prospect Magazine ,@prospect_uk,moderate
Project Syndicate ,@ProSyn,moderate
Public Citizen ,@Public_Citizen,moderate
Center for Public Integrity ,@publicintegrity,moderate
Quartz ,@qz,moderate
Radio Free Asia ,@RadioFreeAsia,moderate
RationalWiki ,@RationalWiki,moderate
Religion News Service ,@religionnews,moderate
Represent.us ,@representus,moderate
La Repubblica ,@repubblica,moderate
Reveal ,@reveal,moderate
Reno Gazette Journal ,@rgj,moderate
Rock Hill Herald ,@RHHerald,moderate
The Ringer ,@ringer,moderate
Global Risk Insights ,@risk_insights,moderate
Roanoke Times,@roanoketimes,moderate
Roosevelt Institute ,@rooseveltinst,moderate
Rudaw ,@RudawEnglish,moderate
Sacramento Bee ,@sacbee_news,moderate
The Saturday Paper ,@SatPaper,moderate
Saudi Gazette ,@Saudi_Gazette,moderate
Santa Barbara Independent ,@SBIndyNews,moderate
Special Broadcasting Service ,@SBS,moderate
South China Morning Post ,@SCMPNews,moderate
ScoopWhoop ,@ScoopWhoop,moderate
Scroll.in ,@scroll_in,moderate
San Diego Reader ,@sdreader,moderate
Seattle Post-Intelligencer ,@seattlepi,moderate
Seattle Times ,@seattletimes,moderate
Second Nexus ,@SecondNexus,moderate
Sentencing Project ,@SentencingProj,moderate
San Francisco Chronicle ,@sfchronicle,moderate
San Francisco Examiner ,@sfexaminer,moderate
SFGate ,@SFGate,moderate
San Francisco Globe ,@sfgov,moderate
Palm Beach Daily News ,@ShinySheet,moderate
Staten Island Advance ,@siadvance,moderate
San Luis Obispo Tribune ,@SLOTribune,moderate
Salt Lake Tribune ,@sltrib,moderate
The Sydney Morning Herald ,@smh,moderate
Sojourners ,@Sojourners,moderate
SooToday.com ,@SooToday,moderate
Spiegel Online ,@SPIEGEL_English,moderate
Honolulu Star-Advertiser ,@StarAdvertiser,moderate
Star Ledger ,@starledger,moderate
Minneapolis Star-Tribune ,@StarTribune,moderate
The State Press ,@statepress,moderate
Austin American-Statesman ,@statesman,moderate
Stepfeed ,@StepFeed,moderate
St. Louis Post-Dispatch,@stltoday,moderate
Sunlight Foundation ,@SunFoundation,moderate
Chicago Sun-Times ,@Suntimes,moderate
SWI ‚Äì Swissinfo.ch ,@swissinfo,moderate
Syrian Observatory for Human Rights ,@syriahr,moderate
Tablet Magazine ,@tabletmag,moderate
Taiwan News ,@TaiwanNews886,moderate
Citizens for Tax Justice ,@taxjustice,moderate
Tax Justice Network ,@TaxJusticeNet,moderate
Tax Policy Center ,@TaxPolicyCenter,moderate
Tampa Bay Times ,@TB_Times,moderate
The Century Foundation ,@TCFdotorg,moderate
TechCrunch ,@TechCrunch,moderate
Techdirt ,@techdirt,moderate
Texas Monthly ,@TexasMonthly,moderate
Texas Tribune ,@TexasTribune,moderate
The Hindu ,@the_hindu,moderate
The New Arab ,@The_NewArab,moderate
Affinity Magazine ,@TheAffinityMag,moderate
The Age ,@theage,moderate
Al-Masdar News ,@TheArabSource,moderate
Atlantic ,@TheAtlantic,moderate
AV Club ,@TheAVClub,moderate
The Baffler ,@thebafflermag,moderate
The Bipartisan Press,@thebipress,moderate
Buffalo News ,@TheBuffaloNews,moderate
The Christian Left ,@TheChristianLft,moderate
The Daily Climate ,@TheDailyClimate,moderate
Heavy ,@theheavy,moderate
The Hill Talk ,@thehill,moderate
Institute for Middle East Understanding ,@theIMEU,moderate
Inquisitr ,@theinquisitr,moderate
The Intercept ,@theintercept,moderate
iNews ,@theipaper,moderate
Latin Times ,@thelatintimes,moderate
Mainichi Shimbun ,@themainichi,moderate
The Monthly ,@THEMONTHLY,moderate
Council for the National Interest ,@TheNatlInterest,moderate
The Santa Fe New Mexican,@thenewmexican,moderate
The News Tribune ,@thenewstribune,moderate
The Next Web ,@thenextweb,moderate
Charlotte Observer ,@theobserver,moderate
The Odyssey Online ,@TheOdyssey,moderate
The Olympian ,@theolympian,moderate
The Plain Dealer ,@ThePlainDealer,moderate
Portland Tribune ,@ThePortlandTrib,moderate
The Record ,@TheRecord,moderate
The Skimm ,@theskimm,moderate
The State ,@thestate,moderate
The Stranger ,@TheStranger,moderate
The Sun Magazine ,@TheSunMagazine,moderate
The Tab ,@TheTab,moderate
The Tyee ,@TheTyee,moderate
The Varsity ,@TheVarsity1928,moderate
The Week UK ,@TheWeekUK,moderate
Woodrow Wilson International Center ,@TheWilsonCenter,moderate
The Wire ‚Äì India ,@thewire_in,moderate
TheWrap ,@TheWrap,moderate
Insider ,@thisisinsider,moderate
The Zero Hour ,@ThisIsZeroHour,moderate
Hollywood Reporter ,@THR,moderate
Thrillist ,@Thrillist,moderate
Time Magazine ,@TIME,moderate
Times Colonist,@timescolonist,moderate
Times of Israel ,@TimesofIsrael,moderate
Albany Times-Union ,@timesunion,moderate
TMZ ,@TMZ,moderate
Tomdispatch.com ,@TomDispatch,moderate
Toronto Star ,@TorontoStar,moderate
Thomson Reuters Foundation ,@TRF,moderate
Arizona Daily Star ,@TucsonStar,moderate
UAWire ,@uawire,moderate
Union of Concerned Scientists ,@UCSUSA,moderate
United Federation of Teachers ,@UFT,moderate
University Business ,@universitybiz,moderate
Unicorn Riot ,@UR_Ninja,moderate
Urban Institute ,@urbaninstitute,moderate
AllGov ,@USAGov,moderate
Citizens for Legitimate Government ,@USAGov,moderate
USA Today ,@USATODAY,moderate
UsNews and World Report ,@usnews,moderate
Utah Public Radio ,@utahpublicradio,moderate
Utica Observer-Dispatch ,@uticaOD,moderate
Variety Magazine ,@Variety,moderate
The Verge ,@verge,moderate
Victoria Advocate ,@Vicadvocate,moderate
Vice News ,@vicenews,moderate
The Virginian-Pilot ,@virginianpilot,moderate
Vote Vets ,@votevets,moderate
Vulture ,@vulture,moderate
WalesOnline ,@WalesOnline,moderate
Washington Blade ,@WashBlade,moderate
Washington Post ,@washingtonpost,moderate
WGN News ,@WGNNews,moderate
The Pulse ,@WHYYThePulse,moderate
Wikileaks ,@wikileaks,moderate
The Wilderness Society ,@Wilderness,moderate
Wired Magazine ,@WIRED,moderate
Western Mass News ,@WMassNews,moderate
WNYC ,@WNYC,moderate
WorldCrunch ,@worldcrunch,moderate
World Policy Institute ,@WorldPolicy,moderate
WSVN ,@wsvn,moderate
Charleston Gazette Mail ,@wvgazettemail,moderate
Xinhua News Agency ,@XHNews,moderate
Yahoo News ,@YahooNews,moderate
York Daily Record ,@ydrcom,moderate
YnetNews ,@ynetnews,moderate
York Dispatch ,@YorkDispatch,moderate
Youth Radio ,@youthradio,moderate
National Youth Right Association ,@YouthRights,moderate
Naked Capitalism ,@yvessmith,moderate
Die Zeit ,@zeitonline,moderate
CBS Boston ‚Äì WBZ-TV ,@WBZ,moderate
1010 WINS AM,@1010WINS,moderate
12 News KPNX,@12News,moderate
OneEighty ,@180report,moderate
38 North,@38NorthNK,moderate
680 News,@680NEWS,moderate
9News ‚Äì KUSA,@9NEWS,moderate
ABC12/WJRT-TV,@ABC12WJRT,moderate
ABS-CBN ,@ABSCBNNews,moderate
Ad Fontes Media ,@adfontesmedia,moderate
Adweek,@Adweek,moderate
Agence France-Presse ,@AFP,moderate
Africa Check ,@AfricaCheck,moderate
Africa News ,@africanews,moderate
Agerpres ,@agerpres_en,moderate
American Heritage ,@AH__Athletics,moderate
Air Force Times,@AirForceTimes,moderate
Airwars ,@airwars,moderate
Al Arabiya ,@AlArabiya_Eng,moderate
Al Bawaba ,@AlBawabaEnglish,moderate
AllAfrica,@allafrica,moderate
Alabama Political Reporter ,@ALReporter,moderate
Amarillo Globe-News ,@amarilloglobe,moderate
American Military News ,@AmerMilNews,moderate
AmoMama ,@amomama_uk,moderate
American Press Institute ,@AmPress,moderate
Agenzia Nazionale Stampa Associata ,@ansa_english,moderate
Transparency International ,@anticorruption,moderate
Associated Press ,@AP,moderate
APTN National News,@APTNNews,moderate
Arc Digital ,@ArcDigi,moderate
Army Times,@ArmyTimes,moderate
Ars Technica ,@arstechnica,moderate
Asia Times ,@asiatimesonline,moderate
Atlas Obscura ,@atlasobscura,moderate
Arizona Capitol Times ,@AzCapitolTimes,moderate
Business2Community,@B2Community,moderate
Ballotpedia ,@ballotpedia,moderate
Bangkok Post ,@BangkokPostNews,moderate
World News ,@BBCWorld,moderate
Baxter Bulletin ,@BBnewsroom,moderate
Belfer Center for Science and International Affairs ,@BelferCenter,moderate
Belleville News-Democrat ,@bellevillenewsd,moderate
Bellingcat ,@bellingcat,moderate
Better Government Association ,@BetterGov,moderate
Big News Network ,@bignewsnetwork,moderate
Big Think ,@bigthink,moderate
Bismarck Tribune ,@bistrib,moderate
BlastingNews ,@BlastingNews,moderate
Bleeping Computer ,@BleepinComputer,moderate
BNO News ,@BNONews,moderate
Bozeman Daily Chronicle,@bozchron,moderate
News and News ,@BreakingNews,moderate
The News ,@BreakingNews,moderate
Bridge Magazine ,@BridgeMichigan,moderate
Committee for a Responsible Federal Buddget ,@BudgetHawks,moderate
Bulletin of Atomic Scientists ,@BulletinAtomic,moderate
Bullshido ,@bullshido,moderate
The Canadian Press ,@CanadianPress,moderate
Cape Cod Times ,@capecodtimes,moderate
Capitol Fax ,@capitolfax,moderate
Castanet ,@CastanetNews,moderate
Committee for Economic development ,@CEDupdate,moderate
Center for Democracy and Technology ,@CenDemTech,moderate
Council on Foreign Relations ,@CFR_org,moderate
Charity Navigator ,@CharityNav,moderate
Chinook Observer ,@chinookobserver,moderate
The Chronicle of Higher Education ,@chronicle,moderate
City and State New York ,@CityAndStateNY,moderate
CNET ,@CNET,moderate
Congress.gov ,@congressdotgov,moderate
Concord Monitor ,@ConMonitorNews,moderate
Constitution Daily ,@ConstitutionCtr,moderate
Consumerist ,@consumerist,moderate
The Conversation ,@ConversationUS,moderate
Cook Political Reports ,@CookPolitical,moderate
Countable News ,@countable,moderate
Asheboro Courier-Tribune ,@Courier_Tribune,moderate
Courthouse News Service ,@CourthouseNews,moderate
Covid Tracking Project ,@COVID19Tracking,moderate
CP24,@CP24,moderate
Canadian Public Affairs Channel ,@CPAC_TV,moderate
Consumer Reports ,@CRAdvocacy,moderate
Las Cruces Sun-News ,@CrucesSunNews,moderate
Center for strategic and International studies ,@CSIS,moderate
Christian Science Monitor ,@csmonitor,moderate
C-Span ,@cspan,moderate
Washington Journal ,@cspanwj,moderate
Casper Star-Tribune ,@CSTribune,moderate
CTV News ,@CTVNews,moderate
Curiosity.com,@curiositydotcom,moderate
The Daily Chronicle ,@Daily_Chronicle,moderate
Daily Record ,@Daily_Record,moderate
Daily Camera,@dailycamera,moderate
Daily Maverick ,@dailymaverick,moderate
The Daily Progress ,@DailyProgress,moderate
Darien Times ,@DarienTimes,moderate
Dayton Daily News ,@daytondailynews,moderate
Daily Business Review ,@dbreview,moderate
D.C. Circuit Breaker ,@DCCircuitBreak,moderate
The Defcon Warning System ,@DEFCONWSALERTS,moderate
Defense News ,@defense_news,moderate
Defense One ,@DefenseOne,moderate
Justice Denied ,@DeniedMr,moderate
Denton Record-Chronicle,@DentonRC,moderate
The Daily Gazette ,@dgazette,moderate
Albany Democrat-Herald ,@dhnews,moderate
Homeland Security News Wire ,@DHSgov,moderate
Digital Journal ,@digitaljournal,moderate
The Diplomat Magazine ,@Diplomat_APAC,moderate
Des Moines Register ,@DMRegister,moderate
DPA German Press Agency ,@dpa_intl,moderate
Del Rio News-Herald ,@DRNewsHerald,moderate
Duluth News Tribune ,@duluthnews,moderate
Eagle Tribune,@EagleTrib,moderate
Simple Politics ,@easypoliticsUK,moderate
EJ Insight ,@EJInsightHK,moderate
Elko Daily Free Press,@ElkoDaily,moderate
El Nuevo Dia ,@ElNuevoDia,moderate
ERR News ,@errnews,moderate
TruthorFiction.com ,@erumors,moderate
Eurasia Group ,@EurasiaGroup,moderate
Eurasia Review ,@EurasiaReview,moderate
Euronews ,@euronews,moderate
Every CRS Report ,@EveryCRSReport,moderate
Fact Check ,@factcheckdotorg,moderate
FactsCan ,@FactsCan,moderate
Factwire News Agency ,@factwirenews,moderate
First Coast News ,@FCN2go,moderate
Federal News Network ,@FederalNewsNet,moderate
Federal Times ,@FederalTimes,moderate
The Australian Finacial Review ,@FinancialReview,moderate
Financal Times ,@FinancialTimes,moderate
Financal Express ,@FinancialXpress,moderate
First Draft News ,@firstdraftnews,moderate
Foreign Affairs ,@ForeignAffairs,moderate
Foreign Policy ,@ForeignPolicy,moderate
Foster‚Äôs Daily Democrat ,@FostersDailyDem,moderate
WOFL ,@fox35orlando,moderate
France 24,@FRANCE24,moderate
Free Wheel Media ,@FreeWheel,moderate
Full Fact UK ,@FullFact,moderate
Gainesville Sun ,@GainesvilleSun,moderate
Gallup ,@Gallup,moderate
Green Bay Press-Gazette ,@gbpressgazette,moderate
GBTimes ,@gbtimescom,moderate
Geek.com ,@geekdotcom,moderate
Great Falls Tribune ,@GFTribune,moderate
International Press Institute ,@globalfreemedia,moderate
Global Integrity ,@GlobalIntegrity,moderate
Globe Gazette ,@globegazette,moderate
Erie Times-News ,@GoErie,moderate
GoodNewsNetwork ,@goodnewsnetwork,moderate
The Republican ,@GOP,moderate
GovTrack ,@govtrack,moderate
Greenville News ,@GreenvilleNews,moderate
Pacific Daily News ,@GuamPDN,moderate
Hanford Sentinel ,@HanfordSentinel,moderate
Harvard Gazette ,@Harvard,moderate
Harvard Business Review ,@HarvardBiz,moderate
Hastings Tribune,@HastingsTribune,moderate
Healthcare Finance News ,@HC_Finance,moderate
Independent Record ,@helenaironline,moderate
The Herald-Dispatch,@heralddispatch,moderate
Sarasota Herald-Tribune ,@HeraldTribune,moderate
The Herald Journal ,@HJNews,moderate
The Herald News ,@HNNow,moderate
Hoax Slayer ,@hoaxslayer,moderate
United State House of Representatives ,@HouseDemocrats,moderate
How-To Geek,@howtogeek,moderate
I24 News,@i24NEWS_EN,moderate
International Consortium of Investigative Journalists ,@ICIJorg,moderate
Icitizen ,@icitizen,moderate
Idaho Statesman ,@IdahoStatesman,moderate
International Energy Agency ,@IEA,moderate
Inc. Magazine ,@Inc,moderate
Anderson Independent Mail ,@independentmail,moderate
The Indian Express ,@IndianExpress,moderate
India Today ,@IndiaToday,moderate
Indianapolis Star ,@indystar,moderate
International Organization ,@IntOrgJournal,moderate
Investopedia ,@Investopedia,moderate
Investigative Reporters and Editors ,@IRE_NICAR,moderate
Inland Valley Bulletin ,@ivdailybulletin,moderate
Independent Voter Network ,@ivn,moderate
Institute for Women‚Äôs Policy Research ,@IWPResearch,moderate
The Jakarta Post ,@jakpost,moderate
Janes 360,@JanesINTEL,moderate
Japan Times ,@japantimes,moderate
Journal Gazette ,@JGfortwayne,moderate
Wikipedia ,@jimmy_wales,moderate
WikiTribune ,@jimmy_wales,moderate
The Jordan Times ,@jordantimes,moderate
Winston-Salem Journal,@JournalNow,moderate
The Journal Standard ,@journalstandard,moderate
Lincoln Journal Star ,@JournalStarNews,moderate
Jstor Daily ,@JSTOR_Daily,moderate
Jackson Sun ,@JSunNews,moderate
Russian Media Monitor ,@JuliaDavisNews,moderate
KDVR-TV ,@KDVR,moderate
Kaiser Family Foundation ,@KFF,moderate
Knowhere ,@knowherego,moderate
The Flip Side ,@KnowTheFlipSide,moderate
Know Your Meme ,@knowyourmeme,moderate
Knoxville News Senitinel ,@knoxnews,moderate
KTLA ,@KTLA,moderate
Daily Journal ,@LADailyJournal,moderate
Daily Journal ,@LADailyJournal,moderate
Law360,@LAW360,moderate
Law.com ,@lawdotcom,moderate
Lawfare Blog ,@lawfareblog,moderate
Lebanon Daily News ,@LDNews,moderate
Eau Claire Leader-Telegram ,@LeaderTelegram,moderate
Lead Stories ,@LeadStoriesCom,moderate
Lompoc Record ,@LompocRecord,moderate
La Devoir ,@LP_LaPresse,moderate
Lansing State Journal ,@LSJNews,moderate
MakeUseOf ,@MakeUseOf,moderate
The Marshall Project ,@MarshallProj,moderate
The Morning Call ,@mcall,moderate
The Moderated Media ,@MediaModerated,moderate
MediaShift ,@MediaShiftOrg,moderate
Memeorandum ,@memeorandum,moderate
The Meme Policeman ,@memesofficer,moderate
Mental Floss ,@mental_floss,moderate
Mercopress ,@MercoPressNews,moderate
Merion West ,@merionwest,moderate
Metabunk ,@Metabunk,moderate
MetroWest Daily News ,@metrowestdaily,moderate
The Middle East in London ,@MiddleEastMnt,moderate
Military.com ,@Militarydotcom,moderate
Military Times ,@MilitaryTimes,moderate
Missoulian ,@missoulian,moderate
MLive ,@MLive,moderate
The Modesto Bee ,@modbee,moderate
National Institute on Money in State Politics ,@MoneyInPolitics,moderate
Montana Standard ,@MontanaStandard,moderate
Morning Consult ,@MorningConsult,moderate
Doctors Without Borders ,@MSF_USA,moderate
Fair Observer ,@myfairobserver,moderate
Napa Valley Register ,@NapaRegister,moderate
Project on Government Insight ,@NASAInSight,moderate
National Journal ,@nationaljournal,moderate
Navy Times ,@NavyTimes,moderate
National Bureau of Economic Research ,@nberpubs,moderate
New Bern Sun Journal ,@NBSunJournal,moderate
National Conference of State Legislatures ,@NCSLorg,moderate
News24,@News24,moderate
KWTV-News9,@NEWS9,moderate
Newsguard ,@NewsGuardRating,moderate
Longview News-Journal,@newsjournal,moderate
The News Literacy Project ,@NewsLitProject,moderate
NewsNow UK ,@NewsNowUK,moderate
NewzJunky.com,@newzjunky,moderate
NextGOV ,@Nextgov,moderate
NHK World ,@NHKWORLD_News,moderate
Niskanen Center ,@NiskanenCenter,moderate
NK News ,@nknewsorg,moderate
No Labels ,@NoLabelsOrg,moderate
Noozhawk ,@Noozhawk,moderate
Norfolk Daily News,@NorfolkNews,moderate
Northwest Florida Daily News ,@nwfdailynews,moderate
Northwest Indiana Times ,@nwi,moderate
Spectrum News ‚Äì NY1,@NY1,moderate
The Daily News ,@NYDailyNews,moderate
New Zealand Herald ,@nzherald,moderate
The Observatory ,@ObservatoryOC,moderate
Orange County Register ,@ocregister,moderate
Center for Responsive Politics ,@OpenSecretsDC,moderate
Open the Government ,@OpenTheGov,moderate
The Outlook ,@Outlook,moderate
Oyez Project ,@oyez,moderate
The Pantagraph ,@Pantagraph,moderate
Patch ,@PatchTweet,moderate
Patheos ,@Patheos,moderate
Pew Research ,@pewresearch,moderate
Peterson Foundation ,@pgpfoundation,moderate
The Phnom Penh Post ,@phnompenhpost,moderate
Peterson Institute for International Economics ,@PIIE,moderate
Peoria Journal Star ,@pjstar,moderate
Places Journal ,@PlacesJournal,moderate
Pensacola News Journal ,@pnj,moderate
Pocono Record ,@PoconoRecord,moderate
Political Wire ,@politicalwire,moderate
Politico ,@politico,moderate
Politifact ,@PolitiFact,moderate
Polygraph.info ,@PolygraphInfo,moderate
The Post and Courier ,@postandcourier,moderate
The Post-Standard ,@PostStandard,moderate
The Post Star ,@poststar,moderate
Poynter Institute ,@Poynter,moderate
Public Policy Polling ,@ppppolls,moderate
Committee to Protect Journalists ,@pressfreedom,moderate
PR Newswire ,@PRNewswire,moderate
Procon.org ,@procon_org,moderate
Public Religion Research Institute ,@PRRIpoll,moderate
Quad City Times ,@qctimes,moderate
Rand Corporation ,@RANDCorporation,moderate
Rapid City Journal ,@RCJournal,moderate
Recode ,@Recode,moderate
Traverse City Record-Eagle,@RecordEagle,moderate
KAIT8-TV,@Region8News,moderate
Relevant Magazine ,@RELEVANT,moderate
Reporters Lab ,@ReportersLab,moderate
The Republic ,@republic,moderate
International Rescue Committee ,@RESCUEorg,moderate
Reuters ,@Reuters,moderate
Radio Free Europe / Radio Liberty ,@RFERL,moderate
RiverBender.com,@RiverBenderNews,moderate
Riverdale Press ,@riverdalepress,moderate
Reporter Without Borders ,@RSF_en,moderate
RTE ,@rte,moderate
San Marcos Daily Record ,@sanmarcosrecord,moderate
Santa Maria Times ,@SantaMariaTimes,moderate
Sayfie Review ,@SayfieReview,moderate
South Bend Tribune,@SBTribune,moderate
Science Debate ,@SciDebate,moderate
Sioux City Journal ,@scj,moderate
SCOTUSblog ,@SCOTUSblog,moderate
St. Cloud Times ,@sctimes,moderate
San Diego Union Tribune ,@sdut,moderate
Alliance For Securing Democracy ,@SecureDemocracy,moderate
Shorenstein Center ,@ShorensteinCtr,moderate
Shreveport Times ,@shreveporttimes,moderate
Sky News ,@SkyNews,moderate
Global Slavery Index ,@Slaveryindex,moderate
SmartNews ,@smartnews,moderate
Spectrum Report ,@SpectrumReport,moderate
Utah Standard-Examiner ,@standardex,moderate
The Star Democrat,@stardem_news,moderate
Stars and Stripes ,@starsandstripes,moderate
Statista,@StatistaCharts,moderate
STAT ,@statnews,moderate
Stimson Center ,@StimsonCenter,moderate
The Strategy Bridge ,@Strategy_Bridge,moderate
StrategyPage ,@Strategypage,moderate
Stratfor ,@Stratfor,moderate
Biloxi Sun Herald,@sunherald,moderate
South Florida Sun-Sentinel ,@SunSentinel,moderate
Taipei Times ,@taipei_times,moderate
Task and Purpose ,@TaskandPurpose,moderate
The Bureau of Investigative Journalism ,@TBIJ,moderate
The Macon Telegraph ,@telegraphga,moderate
Texas Standard ,@TexasStandard,moderate
That‚Äôs Nonsense ,@thatsnonsense,moderate
The Auburn Citizen ,@The_Citizen,moderate
Al Majalla ,@the_majalla,moderate
The Balance ,@thebalance,moderate
The Cipher Brief ,@thecipherbrief,moderate
The Daily Northwestern ,@thedailynu,moderate
The Economist ,@TheEconomist,moderate
The Herald-Sun ,@theheraldsun,moderate
The Hill ,@thehill,moderate
TheJournal.ie ,@thejournal_ie,moderate
The Sentinel ,@thelasentinel,moderate
The News International ,@thenews_intl,moderate
The Battlefords News Optimist,@TheNewsOptimist,moderate
The Nevada Independent ,@TheNVIndy,moderate
The Register UK,@TheRegister,moderate
The Scotsman ,@TheScotsman,moderate
The Sociable ,@thesociable,moderate
The Southern Illinoisan ,@thesouthern,moderate
The Times and Democrat ,@TheTandD,moderate
The Times ,@thetimes,moderate
Third Way ,@ThirdWayTweet,moderate
Times-News ,@TIME,moderate
Chattanooga Times Free Press ,@TimesFreePress,moderate
Times of San Diego ,@TimesofSanDiego,moderate
Today I Found Out ,@TodayIFoundOut1,moderate
The Town Talk ,@TownTalkDotCom,moderate
Tribune Content Agency ,@TribuneAgency,moderate
Tri-City Herald ,@TriCityHerald,moderate
Truth Be Told ,@TruthBeTold,moderate
The TruthSetter ,@TruthSetters,moderate
TVW Washington State ,@TVWnews,moderate
Undark ,@undarkmag,moderate
United Press International ,@UPI,moderate
USAFacts ,@USAFacts,moderate
USA Spending ,@usaspending,moderate
Congressional Budget Office ,@USCBO,moderate
Government Accountability Office ,@USGAO,moderate
Vera Files ,@verafiles,moderate
Vos Iz Neias ,@VINNews,moderate
Voice of America ,@VOANews,moderate
Vocativ ,@vocativ,moderate
Voice of San Diego ,@voiceofsandiego,moderate
Vote Smart ,@VoteSmart,moderate
Waco Tribune-Herald ,@wacotrib,moderate
War on the Rocks ,@WarOnTheRocks,moderate
The Waterloo-Cedar Falls Courier ,@wcfcourier,moderate
We are the Mighty ,@WeAreTheMighty,moderate
World Economic Forum ,@wef,moderate
WikiNews ,@wikinews,moderate
Winona Daily News,@WinonaDailyNews,moderate
WION ,@WIONews,moderate
Wisconsin State Journal ,@WiStateJournal,moderate
Worldometer ,@Worldometers,moderate
World Press Review ,@WorldPressPhoto,moderate
World Resources Institute ,@WorldResources,moderate
World Politics Review ,@WPReview,moderate
WRAL,@WRAL,moderate
WSAZ News Channel ,@WSAZnews,moderate
NewsNet ,@YourNewsNet,moderate
The ZDF ,@ZDF,moderate
ZDNet ,@ZDNet,moderate
Viral Thread ,by,moderate
Bbarta24,Center,moderate
Crimeola ,Center,moderate
NationMaster ,Center,moderate
Novinite ,Center,moderate
The Monitor ,hashtag,moderate
Herald & Review ,Herald,moderate
Jewish Telegraphic Agency ,JTA,moderate
Statesville Record & Landmark,Landmark,moderate
Group of Thirty ,Mashable,moderate
Telegram & Gazette,Messenger,moderate
Lima Charlie News ,NEWS,moderate
Transpartisan Review ,Review,moderate
Scoopnest ,Scoopnest,moderate
News Lookup ,Search,moderate
Burnett County Sentinel,Sentinel,moderate
Shareably ,Shareable,moderate
ThoughtCo ,ThoughtCo,moderate